"kind","description","ua"
"Browsers - Windows","Chrome 10.0 (Win 7)","Mozilla/5.0 (Windows; U; Windows NT 6.1; en-US) AppleWebKit/534.14 (KHTML, like Gecko) Chrome/10.0.601.0 Safari/534.14"
"Browsers - Windows","Chrome 12.0 (Win 7 64)","Mozilla/5.0 (Windows NT 6.1; WOW64) AppleWebKit/534.27 (KHTML, like Gecko) Chrome/12.0.712.0 Safari/534.27"
"Browsers - Windows","Chrome 15.0 (Vista)","Mozilla/5.0 (Windows NT 6.0) AppleWebKit/535.2 (KHTML, like Gecko) Chrome/15.0.874.120 Safari/535.2"
"Browsers - Windows","Chrome 16.0 (Win 7 64)","Mozilla/5.0 (Windows NT 6.1; WOW64) AppleWebKit/535.7 (KHTML, like Gecko) Chrome/16.0.912.36 Safari/535.7"
"Browsers - Windows","Chrome 18.6 (Win 7)","Mozilla/5.0 (Windows NT 6.1) AppleWebKit/535.2 (KHTML, like Gecko) Chrome/18.6.872.0 Safari/535.2 UNTRUSTED/1.0 3gpp-gba UNTRUSTED/1.0"
"Browsers - Windows","Chrome 19.0 (Win 8 - NT 6.2)","Mozilla/5.0 (Windows NT 6.2) AppleWebKit/536.3 (KHTML, like Gecko) Chrome/19.0.1061.1 Safari/536.3"
"Browsers - Windows","Chrome 20.0 (Win 7)","Mozilla/5.0 (Windows NT 6.1; WOW64) AppleWebKit/536.6 (KHTML, like Gecko) Chrome/20.0.1092.0 Safari/536.6"
"Browsers - Windows","Chrome 20.0 (Win 8)","Mozilla/5.0 (Windows NT 6.2) AppleWebKit/536.6 (KHTML, like Gecko) Chrome/20.0.1090.0 Safari/536.6"
"Browsers - Windows","Chrome 22.0 (Win 7 - 64 bit)","Mozilla/5.0 (Windows NT 6.1; WOW64) AppleWebKit/537.1 (KHTML, like Gecko) Chrome/22.0.1207.1 Safari/537.1"
"Browsers - Windows","Firefox 10.0.1 (Win 7 64)","Mozilla/5.0 (Windows NT 6.1; WOW64; rv:10.0.1) Gecko/20100101 Firefox/10.0.1"
"Browsers - Windows","Firefox 12.0 (Win 7 32)","Mozilla/5.0 (Windows NT 6.1; rv:12.0) Gecko/20120403211507 Firefox/12.0"
"Browsers - Windows","Firefox 14.0.1 (Win Vista)","Mozilla/5.0 (Windows NT 6.0; rv:14.0) Gecko/20100101 Firefox/14.0.1"
"Browsers - Windows","Firefox 15.0a1 (Win 7 64)","Mozilla/5.0 (Windows NT 6.1; WOW64; rv:15.0) Gecko/20120427 Firefox/15.0a1"
"Browsers - Windows","Firefox 16.0 (Win 8 64)","Mozilla/5.0 (Windows NT 6.2; Win64; x64; rv:16.0) Gecko/16.0 Firefox/16.0"
"Browsers - Windows","Firefox 19.0 (Win 8 32)","Mozilla/5.0 (Windows NT 6.2; rv:19.0) Gecko/20121129 Firefox/19.0"
"Browsers - Windows","Firefox 20.0 (Win 8 32)","Mozilla/5.0 (Windows NT 6.2; rv:20.0) Gecko/20121202 Firefox/20.0"
"Browsers - Windows","Chrome 32.0 (Win 8 - 64 bit)","Mozilla/5.0 (Windows NT 6.2; Win64; x64) AppleWebKit/537.36 (KHTML, like Gecko) Chrome/32.0.1667.0 Safari/537.36"
"Browsers - Windows","Chrome 36.0 (Win 8 - 64 bit)","Mozilla/5.0 (Windows NT 5.1) AppleWebKit/537.36 (KHTML, like Gecko) Chrome/36.0.1985.67 Safari/537.36"
"Browsers - Windows","Chrome 37.0 (Win 8.1 - 64 bit)","Mozilla/5.0 (Windows NT 6.3; Win64; x64) AppleWebKit/537.36 (KHTML, like Gecko) Chrome/37.0.2049.0 Safari/537.36"
"Browsers - Windows","Chrome 41.0 (Win 7 - 32 bit)","Mozilla/5.0 (Windows NT 6.1) AppleWebKit/537.36 (KHTML, like Gecko) Chrome/41.0.2228.0 Safari/537.36"
"Browsers - Windows","Chrome 45.0 (Win 10 - 64 bit)","Mozilla/5.0 (Windows NT 10.0; WOW64) AppleWebKit/537.36 (KHTML, like Gecko) Chrome/45.0.2454.93 Safari/537.36"
"Browsers - Windows","Chrome 45.0 (Win Vista - 32 bit)","Mozilla/5.0 (Windows NT 6.0) AppleWebKit/537.36 (KHTML, like Gecko) Chrome/45.0.2454.93 Safari/537.36"
"Browsers - Windows","Chrome 51.0 (Win 10 - 64 bit)","Mozilla/5.0 (Windows NT 10.0; WOW64) AppleWebKit/537.36 (KHTML, like Gecko) Chrome/51.0.2704.103 Safari/537.36"
"Browsers - Windows","Chrome 55.0 (Win 10 - 64 bit)","Mozilla/5.0 (Windows NT 10.0; Win64; x64) AppleWebKit/537.36 (KHTML, like Gecko) Chrome/55.0.2869.0 Safari/537.36"
"Browsers - Windows","Chrome 57.0 AOL (Win 10 - 64 bit)","Mozilla/5.0 (Windows NT 10.0; WOW64) AppleWebKit/537.36 (KHTML, like Gecko) Chrome/57.0.2987.133 AOL/11.0 AOLBUILD/11.0.1305 Safari/537.36"
"Browsers - Windows","Chrome 62.0 (Win 10 - 64 bit)","Mozilla/5.0 (Windows NT 10.0; Win64; x64) AppleWebKit/537.36 (KHTML, like Gecko) Chrome/62.0.3191.0 Safari/537.36"
"Browsers - Windows","Edge (Microsoft) 12.0 (EdgeHTML) Chrome 39 (Win 10 - 64 bit)","Mozilla/5.0 (Windows NT 10.0; Win64; x64) AppleWebKit/537.36 (KHTML, like Gecko) Chrome/39.0.2171.71 Safari/537.36 Edge/12.0"
"Browsers - Windows","Edge (Microsoft) 12.1 (EdgeHTML) Chrome 42 (Win 10 - 64 bit)","Mozilla/5.0 (Windows NT 10.0) AppleWebKit/537.36 (KHTML, like Gecko) Chrome/42.0.2311.135 Safari/537.36 Edge/12.10240"
"Browsers - Windows","Edge (Microsoft) 14.14 (EdgeHTML) Chrome 51 (Win 10 - 64 bit)","Mozilla/5.0 (MSIE 9.0; Windows NT 10.0; Win64; x64) AppleWebKit/537.36 (KHTML, like Gecko) Chrome/51.0.2704.79 Safari/537.36 Edge/14.14931"
"Browsers - Windows","Edge (Microsoft) 15.15 (EdgeHTML) Chrome 52 (Win 10)","Mozilla/5.0 (Windows NT 10.0) AppleWebKit/537.36 (KHTML, like Gecko) Chrome/52.0.2743.116 Safari/537.36 Edge/15.15063"
"Browsers - Windows","Firefox 21.0 (Win 7 32)","Mozilla/5.0 (Windows NT 6.1; rv:21.0) Gecko/20130401 Firefox/21.0"
"Browsers - Windows","Firefox 25.0 (Win 7 64)","Mozilla/5.0 (Windows NT 6.1; Win64; x64; rv:25.0) Gecko/20100101 Firefox/25.0"
"Browsers - Windows","Firefox 29.0 (Win 7 64 bit)","Mozilla/5.0 (Windows NT 6.1; Win64; x64; rv:25.0) Gecko/20100101 Firefox/29.0"
"Browsers - Windows","Firefox 31.0 (Win XP)","Mozilla/5.0 (Windows NT 5.1; rv:31.0) Gecko/20100101 Firefox/31.0"
"Browsers - Windows","Firefox 35.0 (Win 7 64 bit)","Mozilla/5.0 (Windows NT 6.1; Win64; x64; rv:35.0) Gecko/20100101 Firefox/35.0"
"Browsers - Windows","Firefox 36.0 (Win 8.1 32 bit)","Mozilla/5.0 (Windows NT 6.3; rv:36.0) Gecko/20100101 Firefox/36.0"
"Browsers - Windows","Firefox 39.0 (Win 8.0 64 bit)","Mozilla/5.0 (Windows NT 6.2; WOW64; rv:39.0) Gecko/20100101 Firefox/39.0"
"Browsers - Windows","Firefox 40.0 (Win Vista)","Mozilla/5.0 (Windows NT 6.0; WOW64; rv:40.0) Gecko/20100101 Firefox/40.0"
"Browsers - Windows","Firefox 40.0 (Win 10)","Mozilla/5.0 (Windows NT 10.0; WOW64; rv:40.0) Gecko/20100101 Firefox/40.0"
"Browsers - Windows","Firefox 47.0 (Win 10)","Mozilla/5.0 (Windows NT 10.0; WOW64; rv:47.0) Gecko/20100101 Firefox/47.0"
"Browsers - Windows","Firefox 52.0 (Win 10)","Mozilla/5.0 (Windows NT 10.0; Win64; x64; rv:52.0) Gecko/20100101 Firefox/52.0"
"Browsers - Windows","Firefox 57.0 (Win 10 64 bit)","Mozilla/5.0 (Windows NT 10.0; Win64; x64; rv:57.0) Gecko/20100101 Firefox/57.0"
"Browsers - Windows","MSIE 10 - standard mode (Win 7 64)","Mozilla/5.0 (compatible; MSIE 10.0; Windows NT 6.1; WOW64; Trident/6.0)"
"Browsers - Windows","MSIE 10 - compat mode (Win 7 64)","Mozilla/4.0 (compatible; MSIE 7.0; Windows NT 6.1; Trident/6.0)"
"Browsers - Windows","MSIE 10.6 - (Win 7 32)","Mozilla/5.0 (compatible; MSIE 10.6; Windows NT 6.1; Trident/5.0; InfoPath.2; SLCC1; .NET CLR 3.0.4506.2152; .NET CLR 3.5.30729; .NET CLR 2.0.50727) 3gpp-gba UNTRUSTED/1.0"
"Browsers - Windows","MSIE 11.0 - (Win 7 64)","Mozilla/5.0 (Windows NT 6.1; WOW64; Trident/7.0; rv:11.0) like Gecko"
"Browsers - Windows","MSIE 11.0 - (Win 8.1 32)","Mozilla/5.0 (Windows NT 6.3; Trident/7.0; rv:11.0) like Gecko"
"Browsers - Windows","MSIE 11.0 (compatibility mode IE 7)- (Win 8.1 32)","Mozilla/4.0 (compatible; MSIE 7.0; Windows NT 6.3; Trident/7.0; .NET4.0E; .NET4.0C)"
"Browsers - Windows","MSIE 11.0 (Win 10)","Mozilla/5.0 (Windows NT 10.0; WOW64; Trident/7.0; MATBJS; rv:11.0) like Gecko"
"Browsers - Windows","MSIE 11.0 touch (Win 10 64 bit)","Mozilla/5.0 (Windows NT 10.0; WOW64; Trident/7.0; Touch; MALNJS; rv:11.0) like Gecko"
"Browsers - Windows","Opera 19.0 (Chrome 32) (Win 7)","Mozilla/5.0 (Windows NT 6.1; WOW64) AppleWebKit/537.36 (KHTML, like Gecko) Chrome/32.0.1700.76 Safari/537.36 OPR/19.0.1326.56"
"Browsers - Windows","Opera 20.0 (Chrome 33) (Win 7 64 bit)","Mozilla/5.0 (Windows NT 6.1; WOW64) AppleWebKit/537.36 (KHTML, like Gecko) Chrome/33.0.1750.154 Safari/537.36 OPR/20.0.1387.91"
"Browsers - Windows","Opera 28.0 (Chrome 41) (Win 8 64 bit)","Mozilla/5.0 (Windows NT 6.2; WOW64) AppleWebKit/537.36 (KHTML, like Gecko) Chrome/41.0.2272.76 Safari/537.36 OPR/28.0.1750.40"
"Browsers - Windows","Opera 31.0 (Chrome 44) (Win 7 64 bit)","Mozilla/5.0 (Windows NT 6.1; WOW64) AppleWebKit/537.36 (KHTML, like Gecko) Chrome/44.0.2403.155 Safari/537.36 OPR/31.0.1889.174"
"Browsers - Windows","Opera 36.0 (Chrome 49) (Win 10 64 bit)","Mozilla/5.0 (Windows NT 10.0; WOW64) AppleWebKit/537.36 (KHTML, like Gecko) Chrome/49.0.2623.87 Safari/537.36 OPR/36.0.2130.46"
"Browsers - Windows","Opera 47.0 (Chrome 60) (Win 10 64 bit)","Mozilla/5.0 (Windows NT 10.0; WOW64) AppleWebKit/537.36 (KHTML, like Gecko) Chrome/60.0.3112.78 Safari/537.36 OPR/47.0.2631.55"
"Browsers - Mac","Chrome 14.0 (OS X 10_7_2 Intel)","Mozilla/5.0 (Macintosh; Intel Mac OS X 10_7_2) AppleWebKit/535.1 (KHTML, like Gecko) Chrome/14.0.835.186 Safari/535.1"
"Browsers - Mac","Chrome 15.0 (OS X 10_6_8 Intel)","Mozilla/5.0 (Macintosh; Intel Mac OS X 10_6_8) AppleWebKit/535.2 (KHTML, like Gecko) Chrome/15.0.874.54 Safari/535.2"
"Browsers - Mac","Chrome 16.0 (OS X 10_6_8 Intel)","Mozilla/5.0 (Macintosh; Intel Mac OS X 10_6_8) AppleWebKit/535.7 (KHTML, like Gecko) Chrome/16.0.912.36 Safari/535.7"
"Browsers - Mac","Chrome 19.0 (OS X 10_8_0 Intel)","Mozilla/5.0 (Macintosh; Intel Mac OS X 10_8_0) AppleWebKit/536.3 (KHTML, like Gecko) Chrome/19.0.1063.0 Safari/536.3"
"Browsers - Mac","Chrome 22.0 (OS X 10_8_2 Intel)","Mozilla/5.0 (Macintosh; Intel Mac OS X 10_8_2) AppleWebKit/537.4 (KHTML like Gecko) Chrome/22.0.1229.79 Safari/537.4"
"Browsers - Mac","Firefox 5.0 (OS X 10.6 Intel)","Mozilla/5.0 (Macintosh; Intel Mac OS X 10.6; rv:5.0) Gecko/20100101 Firefox/5.0"
"Browsers - Mac","Firefox 9.0 (OS X 10.6 Intel)","Mozilla/5.0 (Macintosh; Intel Mac OS X 10.6; rv:9.0) Gecko/20100101 Firefox/9.0"
"Browsers - Mac","Firefox 10.0.1 (OS X 10.6 Intel)","Mozilla/5.0 (Macintosh; Intel Mac OS X 10_7_2; rv:10.0.1) Gecko/20100101 Firefox/10.0.1"
"Browsers - Mac","Firefox 16.0 (OS X 10.8 Intel)","Mozilla/5.0 (Macintosh; Intel Mac OS X 10.8; rv:16.0) Gecko/20120813 Firefox/16.0"
"Browsers - Mac","Chrome 26.0 (OS X 10_8_4 Intel)","Mozilla/5.0 (Macintosh; Intel Mac OS X 10_8_4) AppleWebKit/537.31 (KHTML like Gecko) Chrome/26.0.1410.63 Safari/537.31"
"Browsers - Mac","Chrome 28.0 (OS X 10_8_3 Intel)","Mozilla/5.0 (Macintosh; Intel Mac OS X 1083) AppleWebKit/537.36 (KHTML like Gecko) Chrome/28.0.1469.0 Safari/537.36"
"Browsers - Mac","Chrome 32.0 (OS X 10_9_0 Intel)","Mozilla/5.0 (Macintosh; Intel Mac OS X 10_9_0) AppleWebKit/537.36 (KHTML, like Gecko) Chrome/32.0.1664.3 Safari/537.36"
"Browsers - Mac","Chrome 36.0 (OS X 10_9_2 Intel)","Mozilla/5.0 (Macintosh; Intel Mac OS X 10_9_2) AppleWebKit/537.36 (KHTML, like Gecko) Chrome/36.0.1944.0 Safari/537.36"
"Browsers - Mac","Chrome 41.0 (OS X 10_10_1) Intel)","Mozilla/5.0 (Macintosh; Intel Mac OS X 10_10_1) AppleWebKit/537.36 (KHTML, like Gecko) Chrome/41.0.2227.1 Safari/537.36"
"Browsers - Mac","Chrome 51.0 (OS X 10_11_5) Intel)","Mozilla/5.0 (Macintosh; Intel Mac OS X 10_11_5) AppleWebKit/537.36 (KHTML, like Gecko) Chrome/51.0.2704.84 Safari/537.36"
"Browsers - Mac","Chrome 52.0 (OS X 10_10_1) Intel)","Mozilla/5.0 (Macintosh; Intel Mac OS X 10_10_1) AppleWebKit/537.36 (KHTML, like Gecko) Chrome/52.0.2743.116 Safari/537.36"
"Browsers - Mac","Chrome 55.0 (OS X 10_10_5) Intel)","Mozilla/5.0 (Macintosh; Intel Mac OS X 10_10_5) AppleWebKit/537.36 (KHTML, like Gecko) Chrome/55.0.2859.0 Safari/537.36"
"Browsers - Mac","Chrome 60.0 (OS X 10_10_1) Intel)","Mozilla/5.0 (Macintosh; Intel Mac OS X 10_10_1) AppleWebKit/537.36 (KHTML, like Gecko) Chrome/60.0.3112.90 Safari/537.36"
"Browsers - Mac","Chrome 61.0 (OS X 10_10_5) Intel)","Mozilla/5.0 (Macintosh; Intel Mac OS X 10_10_5) AppleWebKit/537.36 (KHTML, like Gecko) Chrome/61.0.3163.49 Safari/537.36"
"Browsers - Mac","Firefox 20.0 (OS X 10.7 Intel)","Mozilla/5.0 (Macintosh; Intel Mac OS X 10.7; rv:20.0) Gecko/20100101 Firefox/20.0"
"Browsers - Mac","Firefox 21.0 (OS X 10.8 Intel)","Mozilla/5.0 (Macintosh; Intel Mac OS X 10.8; rv:21.0) Gecko/20100101 Firefox/21.0"
"Browsers - Mac","Firefox 25.0 (OS X 10.6 Intel)","Mozilla/5.0 (Macintosh; Intel Mac OS X 10.6; rv:25.0) Gecko/20100101 Firefox/25.0"
"Browsers - Mac","Firefox 35.0 (OS X 10.9 Intel)","Mozilla/5.0 (Macintosh; Intel Mac OS X 10.9; rv:35.0) Gecko/20100101 Firefox/35.0"
"Browsers - Mac","Firefox 40.0 (OS X 10.10 Intel)","Mozilla/5.0 (Macintosh; Intel Mac OS X 10.10; rv:40.0) Gecko/20100101 Firefox/40.0"
"Browsers - Mac","Firefox 47.0 (OS X 10.9 Intel)","Mozilla/5.0 (Macintosh; Intel Mac OS X 10.9; rv:47.0) Gecko/20100101 Firefox/47.0"
"Browsers - Mac","Firefox 49.0 (OS X 10.12 Intel)","Mozilla/5.0 (Macintosh; Intel Mac OS X 10.12; rv:49.0) Gecko/20100101 Firefox/49.0"
"Browsers - Mac","Firefox 55.0 (OS X 10.13 Intel)","Mozilla/5.0 (Macintosh; Intel Mac OS X 10.13; rv:55.0) Gecko/20100101 Firefox/55.0"
"Browsers - Mac","Safari 531.21 (OS X 10_6_2 Intel)","Mozilla/5.0 (Macintosh; U; Intel Mac OS X 10_6_2; en-us) AppleWebKit/531.21.8 (KHTML, like Gecko) Version/4.0.4 Safari/531.21.10"
"Browsers - Mac","Safari 533.19 (OS X 10_6_5 Intel)","Mozilla/5.0 (Macintosh; U; Intel Mac OS X 10_6_5; de-de) AppleWebKit/534.15  (KHTML, like Gecko) Version/5.0.3 Safari/533.19.4"
"Browsers - Mac","Safari 533.20 (OS X 10_6_6 Intel)","Mozilla/5.0 (Macintosh; U; Intel Mac OS X 10_6_6; en-us) AppleWebKit/533.20.25 (KHTML, like Gecko) Version/5.0.4 Safari/533.20.27"
"Browsers - Mac","Safari 534.20 (OS X 10_7 Intel)","Mozilla/5.0 (Macintosh; U; Intel Mac OS X 10_7; en-us) AppleWebKit/534.20.8 (KHTML, like Gecko) Version/5.1 Safari/534.20.8"
"Browsers - Mac","Safari 534.55 (OS X 10_7_3 Intel)","Mozilla/5.0 (Macintosh; Intel Mac OS X 10_7_3) AppleWebKit/534.55.3 (KHTML, like Gecko) Version/5.1.3 Safari/534.53.10"
"Browsers - Mac","Safari 534.57 (5.1.7) (OS X 10_6_8 Intel)","Mozilla/5.0 (Macintosh; Intel Mac OS X 10_6_8) AppleWebKit/537.13+ (KHTML, like Gecko) Version/5.1.7 Safari/534.57.2"
"Browsers - Mac","Safari 536.26 (6) (OS X 10_7_5 Intel)","Mozilla/5.0 (Macintosh; Intel Mac OS X 10_7_5) AppleWebKit/536.26.17 (KHTML like Gecko) Version/6.0.2 Safari/536.26.17"
"Browsers - Mac","Safari 7 537.78 (OS X 10_9_5)","Mozilla/5.0 (Macintosh; Intel Mac OS X 10_9_5) AppleWebKit/537.78.1 (KHTML like Gecko) Version/7.0.6 Safari/537.78.1"
"Browsers - Mac","Safari 7.0 537.75 (OS X 10_9_3)","Mozilla/5.0 (Macintosh; Intel Mac OS X 10_9_3) AppleWebKit/537.75.14 (KHTML, like Gecko) Version/7.0.3 Safari/7046A194A"
"Browsers - Mac","Safari 8.0 600.8 (OS X 10_10_5)","Mozilla/5.0 (Macintosh; Intel Mac OS X 10_10_5) AppleWebKit/600.8.9 (KHTML, like Gecko) Version/8.0.8 Safari/600.8.9"
"Browsers - Mac","Safari 9.0 601.1.56 (OS X 10_11)","Mozilla/5.0 (Macintosh; Intel Mac OS X 10_11) AppleWebKit/601.1.56 (KHTML, like Gecko) Version/9.0 Safari/601.1.56"
"Browsers - Mac","Safari 10.1 601.7 (OS X 10_11_6)","Mozilla/5.0 (Macintosh; Intel Mac OS X 10_11_6) AppleWebKit/601.7.8 (KHTML, like Gecko) Version/10.1 Safari/603.1.30"
"Browsers - Mac","Safari 10.0 602.1 (OS X 10_10_5)","Mozilla/5.0 (Macintosh; Intel Mac OS X 10_10_5) AppleWebKit/602.1.50 (KHTML, like Gecko) Version/10.0 Safari/602.1.50"
"Browsers - Linux","Chrome 36.0 (64 bit)","Mozilla/5.0 (X11; Linux x86_64) AppleWebKit/537.36 (KHTML like Gecko) Chrome/36.0.1985.125 Safari/537.36"
"Browsers - Linux","Chrome 39.0 (32 bit)","Mozilla/5.0 (X11; Linux i686) AppleWebKit/537.36 (KHTML, like Gecko) Chrome/39.0.2166.2 Safari/537.36"
"Browsers - Linux","Chrome 41.0 (64 bit)","Mozilla/5.0 (X11; Linux x86_64) AppleWebKit/537.36 (KHTML, like Gecko) Chrome/41.0.2227.0 Safari/537.36"
"Browsers - Linux","Chrome 43.0 (64 bit)","Mozilla/5.0 (X11; Linux x86_64) AppleWebKit/537.36 (KHTML, like Gecko) Chrome/43.0.2357.93 Safari/537.36"
"Browsers - Linux","Chrome 44.0 (32 bit)","Mozilla/5.0 (X11; Linux i686 (x86_64)) AppleWebKit/537.36 (KHTML, like Gecko) Chrome/44.0.2403.130 Safari/537.36"
"Browsers - Linux","Chrome 52.0 (Fedora 64 bit)","Mozilla/5.0 (X11; Fedora; Linux x86_64) AppleWebKit/537.36 (KHTML, like Gecko) Chrome/52.0.2743.116 Safari/537.36"
"Browsers - Linux","Chrome 55.0 (64 bit)","Mozilla/5.0 (X11; Linux x86_64) AppleWebKit/537.36 (KHTML, like Gecko) Chrome/55.0.2876.0 Safari/537.36"
"Browsers - Linux","Chrome 62.0 (32 bit)","Mozilla/5.0 (X11; Linux i686 (x86_64)) AppleWebKit/537.36 (KHTML, like Gecko) Chrome/62.0.3187.0 Safari/537.366"
"Browsers - Linux","Chrome 62.0 (Fedora s64 bit)","Mozilla/5.0 (X11; Fedora; Linux x86_64) AppleWebKit/537.36 (KHTML, like Gecko) Chrome/62.0.3178.0 Safari/537.36"
"Browsers - Linux","Chromium 25.0 (Ubuntu 32 bit)","Mozilla/5.0 (X11; Linux i686) AppleWebKit/537.22 (KHTML like Gecko) Ubuntu Chromium/25.0.1364.160 Chrome/25.0.1364.160 Safari/537.22"
"Browsers - Linux","Chromium 33.0 (Ubuntu 64 bit)","Mozilla/5.0 (X11; Linux x86_64) AppleWebKit/537.36 (KHTML, like Gecko) Ubuntu Chromium/33.0.1750.152 Chrome/33.0.1750.152 Safari/537.36"
"Browsers - Linux","Chromium 51.0 (Ubuntu 32 bit)","Mozilla/5.0 (X11; Linux i686) AppleWebKit/537.36 (KHTML, like Gecko) Ubuntu Chromium/51.0.2704.79 Chrome/51.0.2704.79 Safari/537.36"
"Browsers - Linux","Chromium 60.0 (Ubuntu 32 bit)","Mozilla/5.0 (X11; Linux i686) AppleWebKit/537.36 (KHTML, like Gecko) Ubuntu Chromium/60.0.3112.78 Chrome/60.0.3112.78 Safari/537.36"
"Browsers - Linux","Firefox 40.0 (32 bit)","Mozilla/5.0 (X11; Linux i686; rv:40.0) Gecko/20100101 Firefox/40.0"
"Browsers - Linux","Firefox 43.0 (32 bit)","Mozilla/5.0 (X11; Linux i686; rv:43.0) Gecko/20100101 Firefox/43.0"
"Browsers - Linux","Firefox 46.0 (32 bit)","Mozilla/5.0 (X11; Linux i686; rv:46.0) Gecko/20100101 Firefox/46.0"
"Browsers - Linux","Firefox 49.0 (32 bit)","Mozilla/5.0 (X11; Linux i686; rv:49.0) Gecko/20100101 Firefox/49.0"
"Browsers - Linux","Firefox 49.0 (Fedora 64 bit)","Mozilla/5.0 (X11; Fedora; Linux x86_64; rv:49.0) Gecko/20100101 Firefox/49.0"
"Browsers - Linux","Firefox 49.0 (Ubuntu 64 bit)","Mozilla/5.0 (X11; Ubuntu; Linux x86_64; rv:49.0) Gecko/20100101 Firefox/49.0"
"Browsers - Linux","Firefox 55.0 (64 bit)","Mozilla/5.0 (X11; Linux x86_64; rv:55.0) Gecko/20100101 Firefox/55.0"
"Browsers - Linux","Firefox 55.0 (Ubuntu 64 bit)","Mozilla/5.0 (X11; Ubuntu; Linux x86_64; rv:55.0) Gecko/20100101 Firefox/55.0"
"Browsers - Unix","Firefox 28.0 (OpenBSD 64)","Mozilla/5.0 (X11; OpenBSD amd64; rv:28.0) Gecko/20100101 Firefox/28.0"
"Browsers - Unix","Firefox 30.0 (NetBSD 64)","Mozilla/5.0 (X11; NetBSD amd64; rv:30.0) Gecko/20100101 Firefox/30.0"
"Browsers - Unix","Firefox 30.0 (OpenBSD 64)","Mozilla/5.0 (X11; OpenBSD amd64; rv:30.0) Gecko/20100101 Firefox/30.0"
"Browsers - Unix","Firefox 35.0 (FreeBSD 64)","Mozilla/5.0 (X11; FreeBSD amd64) AppleWebKit/537.36 (KHTML, like Gecko) Chrome/35.0.1916.153 Safari/537.36"
"Browsers - Unix","Firefox 54.0 (FreeBSD 64)","Mozilla/5.0 (X11; FreeBSD amd64; rv:54.0) Gecko/20100101 Firefox/54.0"
"Mobile Devices","Chrome 60.0 - Pixel XL OPR6 - Android 8.0.0","Mozilla/5.0 (Linux; Android 8.0.0; Pixel XL Build/OPR6.170623.012) AppleWebKit/537.36 (KHTML, like Gecko) Chrome/60.0.3112.107 Mobile Safari/537.36"
"Mobile Devices","Edge 12.0 (webkit 537.36) Windows Phone OS 10.0","Mozilla/5.0 (Windows Phone 10.0; Android 4.2.1; DEVICE INFO) AppleWebKit/537.36 (KHTML, like Gecko) Chrome/39.0.2171.71 Mobile Safari/537.36 Edge/12.0"
"Mobile Devices","Apple iPad - iOS 9_3 - Safari 9 (601.1)","Mozilla/5.0 (iPad; CPU OS 9_3_2 like Mac OS X) AppleWebKit/601.1.46 (KHTML, like Gecko) Version/9.0 Mobile/13F69 Safari/601.1"
"Mobile Devices","Apple iPad - iOS 10_0 - CriOS 49.0","Mozilla/5.0 (iPad; CPU OS 10_0 like Mac OS X) AppleWebKit/601.1 (KHTML, like Gecko) CriOS/49.0.2623.109 Mobile/14A5335b Safari/601.1.46"
"Mobile Devices","Apple iPad - iOS 11_0 - Safari 11.0","Mozilla/5.0 (iPad; CPU OS 11_0 like Mac OS X) AppleWebKit/604.1.38 (KHTML, like Gecko) Version/11.0 Mobile/15A5362a Safari/604.1"
"Mobile Devices","iPad - iOS 7_0 - Safari 6 (8536.25)","Mozilla/5.0 (iPad; CPU OS 7_0 like Mac OS X) AppleWebKit/537.51.1 (KHTML, like Gecko) CriOS/30.0.1599.12 Mobile/11A465 Safari/8536.25 (3B92C18B-D9DE-4CB7-A02A-22FD2AF17C8F)"
"Mobile Devices","iPad - iOS 7_1 - Safari 7 (9537.53)","Mozilla/5.0 (iPad; CPU OS 7_1_2 like Mac OS X) AppleWebKit/537.51.2 (KHTML, like Gecko) Version/7.0 Mobile/11D257 Safari/9537.53"
"Mobile Devices","iPad - iOS 8_0 - Safari 7 (9537.53)","Mozilla/5.0 (iPad; CPU OS 8_0_2 like Mac OS X) AppleWebKit/600.1.4 (KHTML like Gecko) Mobile/12A405 Version/7.0 Safari/9537.53"
"Mobile Devices","iPad - iOS 8_4 - Safari 8 (600.1)","Mozilla/5.0 (iPad; CPU OS 8_4_1 like Mac OS X) AppleWebKit/600.1.4 (KHTML, like Gecko) Version/8.0 Mobile/12H321 Safari/600.1.4"
"Mobile Devices","iPad - iOS 9_3 - Safari 9 (601.1)","Mozilla/5.0 (iPad; CPU OS 9_3_2 like Mac OS X) AppleWebKit/601.1.46 (KHTML, like Gecko) Version/9.0 Mobile/13F69 Safari/601.1"
"Mobile Devices","iPhone - iOS 8_3 - Safari 8.0","Mozilla/5.0 (iPhone; CPU iPhone OS 8_3 like Mac OS X) AppleWebKit/600.1.4 (KHTML, like Gecko) Version/8.0 Mobile/12F70 Safari/600.1.4"
"Mobile Devices","iPhone - iOS 8_4 - Safari 8.0","Mozilla/5.0 (iPhone; CPU iPhone OS 8_4_1 like Mac OS X) AppleWebKit/600.1.4 (KHTML, like Gecko) GSA/8.0.57838 Mobile/12H321 Safari/600.1.4"
"Mobile Devices","iPhone - iOS 9_2 - Safari 9.0","Mozilla/5.0 (iPhone; CPU iPhone OS 9_2 like Mac OS X) AppleWebKit/601.1.46 (KHTML, like Gecko) Version/9.0 Mobile/13C75 Safari/601.1"
"Mobile Devices","iPhone - iOS 10_0 - Safari 10.0","Mozilla/5.0 (iPhone; CPU iPhone OS 10_0 like Mac OS X) AppleWebKit/602.1.50 (KHTML, like Gecko) Version/10.0 Mobile/14A346 Safari/602.1"
"Mobile Devices","iPhone - iOS 10_0 - GSA 18.0","Mozilla/5.0 (iPhone; CPU iPhone OS 10_0 like Mac OS X) AppleWebKit/600.1.4 (KHTML, like Gecko) GSA/18.0.130791545 Mobile/14A5345a Safari/600.1.4"
"Mobile Devices","iPhone - iOS 10_3 - Safari 9","Mozilla/5.0 (iPhone; CPU iPhone OS 10_3_3 like Mac OS X) AppleWebKit/603.3.8 (KHTML, like Gecko) Version/9.0 Mobile/13B143 Safari/601.1"
"Mobile Devices","iPhone - iOS 11_0 - Safari 11","Mozilla/5.0 (iPhone; CPU iPhone OS 11_0 like Mac OS X) AppleWebKit/604.1.38 (KHTML, like Gecko) Version/11.0 Mobile/15A5362a Safari/604.1"
"Mobile Devices","iPod Touch - iOS 7_1 - Safari 7.0/537.51","Mozilla/5.0 (iPod touch; CPU iPhone OS 7_1 like Mac OS X) AppleWebKit/537.51.2 (KHTML like Gecko) Version/7.0 Mobile/11D167 Safari/123E71C"
"Mobile Devices","iPod Touch - iOS 8_4 - Safari 600.1","Mozilla/5.0 (iPod; CPU iPhone OS 8_4 like Mac OS X) AppleWebKit/600.1.4 (KHTML, like Gecko) CriOS/44.0.2403.67 Mobile/12H143 Safari/600.1.4"
"Mobile Devices","Nexus One - Android 2.1 - Mobile Safari 530.17","Mozilla/5.0 (Linux; U; Android 2.1; en-us; Nexus One Build/ERD62) AppleWebKit/530.17 (KHTML, like Gecko) Version/4.0 Mobile Safari/530.17"
"Mobile Devices","Nexus One - Android 2.2 - Mobile Safari 533.1","Mozilla/5.0 (Linux; U; Android 2.2; en-us; Nexus One Build/FRF91) AppleWebKit/533.1 (KHTML, like Gecko) Version/4.0 Mobile Safari/533.1"
"Mobile Devices","Nexus 5 - Android 4.4 - AppleWebKit/536.23","Mozilla/5.0 (Linux; Android 4.4; Nexus 5 Build/BuildID) AppleWebKit/537.36 (KHTML, like Gecko) Version/4.0 Chrome/30.0.0.0 Mobile Safari/537.36"
"Mobile Devices","Nexus 5X - Android 6.0 - Chome 53.0","Mozilla/5.0 (Linux; Android 6.0; Nexus 5X Build/MDB08L) AppleWebKit/537.36 (KHTML, like Gecko) Chrome/53.0.2785.124 Mobile Safari/537.36"
"Mobile Devices","Nexus 6P - Android 7.1.2 - Chrome 53.0","Mozilla/5.0 (Linux; Android 7.1.2; Nexus 6P Build/N2G48C) AppleWebKit/537.36 (KHTML, like Gecko) Chrome/60.0.3112.107 Mobile Safari/537.36"
"Mobile Devices","Nexus 7 - Android 4.4.4 - AppleWebKit/537.36","Mozilla/5.0 (Linux; Android 4.4.4; Nexus 7 Build/KTU84P) AppleWebKit/537.36 (KHTML like Gecko) Chrome/36.0.1985.135 Safari/537.36"
"Mobile Devices","Nexus 7 - Android 5.1.1 - Opera 30.0","Mozilla/5.0 (Linux; Android 5.1.1; Nexus 7 Build/LMY47V) AppleWebKit/537.36 (KHTML, like Gecko) Chrome/43.0.2357.78 Safari/537.36 OPR/30.0.1856.93524"
"Mobile Devices","Nexus 9 - Android 7.0 - Chrome 53.0","Mozilla/5.0 (Linux; Android 7.0; Nexus 9 Build/NRD90R) AppleWebKit/537.36 (KHTML, like Gecko) Chrome/53.0.2785.124 Safari/537.36"
"Mobile Devices","Pixel NHG47N - Android 7.1.2 - Chrome 58.0","Mozilla/5.0 (Linux; Android 7.1.2; Pixel Build/NHG47N) AppleWebKit/537.36 (KHTML, like Gecko) Chrome/58.0.3029.83 Mobile Safari/537.36"
"Mobile Devices","Pixel XL OPR6 - Android 8.0.0 - Chrome 60.0","Mozilla/5.0 (Linux; Android 8.0.0; Pixel XL Build/OPR6.170623.012) AppleWebKit/537.36 (KHTML, like Gecko) Chrome/60.0.3112.107 Mobile Safari/537.36"
"Mobile Devices","Galaxy S 4 (SCH-R970) - Android 5.0 - Chrome 45.0","Mozilla/5.0 (Linux; Android 5.0.1; SCH-R970 Build/LRX22C) AppleWebKit/537.36 (KHTML, like Gecko) Chrome/45.0.2454.84 Mobile Safari/537.36"
"Mobile Devices","Galaxy S 5 (SM-G900A) - Android 4.4 - Chrome 45.0","Mozilla/5.0 (Linux; Android 4.4.2; SAMSUNG-SM-G900A Build/KOT49H) AppleWebKit/537.36 (KHTML, like Gecko) Chrome/45.0.2454.94 Mobile Safari/537.36"
"Mobile Devices","Galaxy GT-P5210 tablet - Android 4.4.2 - AppleWebKit 534.30","Mozilla/5.0 (Linux; U; Android 4.4.2; en-us; GT-P5210 Build/KOT49H) AppleWebKit/534.30 (KHTML, like Gecko) Version/4.0 Safari/534.30"
"Mobile Devices","Android 4.4.2 - Chrome 35.0","Mozilla/5.0 (Linux; Android 4.4.2; SAMSUNG-SM-T537A Build/KOT49H) AppleWebKit/537.36 (KHTML like Gecko) Chrome/35.0.1916.141 Safari/537.36"
"Mobile Devices","Android 4.4.2 - Chrome 51.0","Mozilla/5.0 (Linux; Android 4.4.2; SM-T230NU Build/KOT49H) AppleWebKit/537.36 (KHTML, like Gecko) Chrome/51.0.2704.81 Safari/537.36"
"Mobile Devices","Android 5.0 - Chrome 45.0 - Galaxy S 4 (SCH-R970)","Mozilla/5.0 (Linux; Android 5.0.1; SCH-R970 Build/LRX22C) AppleWebKit/537.36 (KHTML, like Gecko) Chrome/45.0.2454.84 Mobile Safari/537.36"
"Mobile Devices","Android 5.0.2 - Chrome 38.0 - Samsung SM-T530NU","Mozilla/5.0 (Linux; Android 5.0.2; SAMSUNG SM-T530NU Build/LRX22G) AppleWebKit/537.36 (KHTML, like Gecko) SamsungBrowser/3.2 Chrome/38.0.2125.102 Safari/537.36"
"Mobile Devices","Android 5.1.1 - Nexus 7 - Opera 30.0","Mozilla/5.0 (Linux; Android 5.1.1; Nexus 7 Build/LMY47V) AppleWebKit/537.36 (KHTML, like Gecko) Chrome/43.0.2357.78 Safari/537.36 OPR/30.0.1856.93524"
"Mobile Devices","Android 6.0 - Chrome 52.0 - HTC One M9","Mozilla/5.0 (Linux; Android 6.0; HTC One M9 Build/MRA58K) AppleWebKit/537.36 (KHTML, like Gecko) Chrome/52.0.2743.98 Mobile Safari/537.36"
"Mobile Devices","Android 6.0 - Chome 53.0 - LG-D850","Mozilla/5.0 (Linux; Android 6.0; LG-D850 Build/MRA58K) AppleWebKit/537.36 (KHTML, like Gecko) Chrome/53.0.2785.97 Mobile Safari/537.36"
"Mobile Devices","Android 6.0 - Chome 53.0 - Nexus 5X","Mozilla/5.0 (Linux; Android 6.0; Nexus 5X Build/MDB08L) AppleWebKit/537.36 (KHTML, like Gecko) Chrome/53.0.2785.124 Mobile Safari/537.36"
"Mobile Devices","Android 6.0.1 - Chrome 52.0 - Samsung SM-G900H","Mozilla/5.0 (Linux; Android 6.0.1; SM-G900H Build/MMB29K) AppleWebKit/537.36 (KHTML, like Gecko) Chrome/52.0.2743.98 Mobile Safari/537.36"
"Mobile Devices","Android 7.0 - Chrome 53.0 - Nexus 9","Mozilla/5.0 (Linux; Android 7.0; Nexus 9 Build/NRD90R) AppleWebKit/537.36 (KHTML, like Gecko) Chrome/53.0.2785.124 Safari/537.36"
"Mobile Devices","Android 7.0 - Chome 56.0 - LG-H918","Mozilla/5.0 (Linux; Android 7.0; LG-H918 Build/NRD90M) AppleWebKit/537.36 (KHTML, like Gecko) Chrome/56.0.2924.87 Mobile Safari/537.36"
"Mobile Devices","Android 8.0.0 - Chrome 60.0 - Pixel XL OPR6","Mozilla/5.0 (Linux; Android 8.0.0; Pixel XL Build/OPR6.170623.012) AppleWebKit/537.36 (KHTML, like Gecko) Chrome/60.0.3112.107 Mobile Safari/537.36"
"Mobile Devices","Android 8.0.0 - Chrome 60.0 - Pixel XL OPR6","Mozilla/5.0 (Linux; Android 8.0.0; Pixel XL Build/OPR6.170623.012) AppleWebKit/537.36 (KHTML, like Gecko) Chrome/60.0.3112.107 Mobile Safari/537.36"
"Mobile Devices","iOS 9_2 - iPhone - Safari 9.0","Mozilla/5.0 (iPhone; CPU iPhone OS 9_2 like Mac OS X) AppleWebKit/601.1.46 (KHTML, like Gecko) Version/9.0 Mobile/13C75 Safari/601.1"
"Mobile Devices","iOS 11_0 - iPhone -  Safari 11","Mozilla/5.0 (iPhone; CPU iPhone OS 11_0 like Mac OS X) AppleWebKit/604.1.38 (KHTML, like Gecko) Version/11.0 Mobile/15A5362a Safari/604.1"
"Mobile Devices","WP 8.0 - ARM - IEMobile 10.0","Mozilla/5.0 (compatible; MSIE 10.0; Windows Phone 8.0; Trident/6.0; IEMobile/10.0; ARM; Touch)"
"Mobile Devices","WP 8.0 - Nokia Lumia 620 ARM - IEMobile 10.0","Mozilla/5.0 (compatible; MSIE 10.0; Windows Phone 8.0; Trident/6.0; IEMobile/10.0; ARM; Touch; NOKIA; Lumia 920)"
"Mobile Devices","WP 8.1 - Lumia 530 ARM - IEMobile 11.0","Mozilla/5.0 (Windows Phone 8.1; ARM; Trident/7.0; Touch; rv:11.0; IEMobile/11.0; NOKIA; Lumia 530) like Gecko"
"Mobile Devices","WP 8.0 - Lumia 620 ARM - IEMobile 10.0","Mozilla/5.0 (compatible; MSIE 10.0; Windows Phone 8.0; Trident/6.0; IEMobile/10.0; ARM; Touch; NOKIA; Lumia 920)"
"Mobile Devices","WP 8.1 - Lumia 630 ARM - IEMobile 11.0","Mozilla/5.0 (Windows Phone 8.1; ARM; Trident/7.0; Touch; rv:11.0; IEMobile/11.0; NOKIA; Lumia 630) like Gecko"
"Mobile Devices","WP 8.1 - Lumia 920 ARM - IEMobile 11.0","Mozilla/5.0 (Windows Phone 8.1; ARM; Trident/7.0; Touch; rv:11.0; IEMobile/11.0; NOKIA; Lumia 920) like Gecko"
"Mobile Devices","WP 8.1 - Lumia 929 ARM - IEMobile 11.0","Mozilla/5.0 (Mobile; Windows Phone 8.1; Android 4.0; ARM; Trident/7.0; Touch; rv:11.0; IEMobile/11.0; NOKIA; Lumia 929) like iPhone OS 7_0_3 Mac OS X AppleWebKit/537 (KHTML, like Gecko) Mobile Safari/537"
"Mobile Devices","WP 10.0 - webkit 537.36 - Edge 12.0","Mozilla/5.0 (Windows Phone 10.0; Android 4.2.1; DEVICE INFO) AppleWebKit/537.36 (KHTML, like Gecko) Chrome/39.0.2171.71 Mobile Safari/537.36 Edge/12.0"
"Mobile Devices","WP 10.0 - webkit 537.36 - Edge 14.14","Mozilla/5.0 (Windows NT 10.0; ARM; Lumia 950 Dual SIM) AppleWebKit/537.36 (KHTML, like Gecko) Chrome/51.0.2704.79 Safari/537.36 Edge/14.14393"
